{"parents": [{"name": "Michelle Pope", "email": "kimberlyhayden@garcia-schwartz.com", "timezone": "Indian/Mahe", "phone": "123-456-7890", "pronouns": "Pro/Pos", "students": [], "password": "abc123"}, {"name": "Zachary Phillips", "email": "terrismith@yahoo.com", "timezone": "America/Santo_Domingo", "phone": "123-456-7890", "pronouns": "Pro/Pos", "students": [{"email": "megan87@gmail.com", "name": "Elizabeth Mercer", "subjects": [], "gradeLevel": "Middle"}, {"email": "cynthiabarker@roberts-cisneros.com", "name": "Jean Williams", "subjects": ["Foreign Language"], "gradeLevel": "Middle"}, {"email": "juliebaird@hotmail.com", "name": "Michele Nichols", "subjects": ["Literature", "Foreign Language", "Science"], "gradeLevel": "Middle"}, {"email": "herreramichael@taylor.net", "name": "Dennis Moore", "subjects": ["Math", "Science", "Literature"], "gradeLevel": "High School"}], "password": "abc123"}, {"name": "Mr. Anthony Rogers", "email": "aaroncunningham@gmail.com", "timezone": "America/Grenada", "phone": "123-456-7890", "pronouns": "Pro/Pos", "students": [{"email": "gparker@hotmail.com", "name": "Mark Potts", "subjects": [], "gradeLevel": "High School"}, {"email": "qparker@hotmail.com", "name": "Bradley Peterson", "subjects": ["Math", "Literature", "Foreign Language"], "gradeLevel": "Elementary"}], "password": "abc123"}, {"name": "Debra Rodriguez", "email": "gmason@walker-gonzales.org", "timezone": "America/Santo_Domingo", "phone": "123-456-7890", "pronouns": "Pro/Pos", "students": [{"email": "robinsonkimberly@bradshaw.com", "name": "Joshua Frazier", "subjects": ["Math", "Foreign Language", "Literature"], "gradeLevel": "Elementary"}, {"email": "lauren06@hotmail.com", "name": "Elizabeth Bryan", "subjects": ["Literature"], "gradeLevel": "High School"}, {"email": "ballardmatthew@hotmail.com", "name": "Paul Jones", "subjects": ["Foreign Language"], "gradeLevel": "High School"}, {"email": "cgomez@lowery.com", "name": "Blake Nelson", "subjects": ["Literature", "Math", "Foreign Language"], "gradeLevel": "Middle"}], "password": "abc123"}, {"name": "Eric Kirby", "email": "christopherobrien@gmail.com", "timezone": "Pacific/Efate", "phone": "123-456-7890", "pronouns": "Pro/Pos", "students": [{"email": "natasha86@yahoo.com", "name": "Luis Martinez", "subjects": [], "gradeLevel": "Elementary"}], "password": "abc123"}, {"name": "Victoria Rodriguez", "email": "fmann@sanchez-gonzalez.com", "timezone": "Africa/Conakry", "phone": "123-456-7890", "pronouns": "Pro/Pos", "students": [{"email": "fcollins@mcneil.com", "name": "Amanda Espinoza", "subjects": [], "gradeLevel": "Middle"}, {"email": "clarkolivia@campbell-morse.com", "name": "Mrs. Rhonda Joseph", "subjects": ["Science", "Literature"], "gradeLevel": "Elementary"}], "password": "abc123"}, {"name": "Antonio Hughes", "email": "harrisonjeff@gmail.com", "timezone": "Africa/Nouakchott", "phone": "123-456-7890", "pronouns": "Pro/Pos", "students": [{"email": "rhonda89@booker-holmes.org", "name": "Kara Fox", "subjects": [], "gradeLevel": "Elementary"}, {"email": "lbaker@braun.com", "name": "Jennifer Jones", "subjects": ["Literature"], "gradeLevel": "Middle"}, {"email": "cjohnson@thomas-thomas.com", "name": "Hunter Church", "subjects": ["Foreign Language", "Literature", "Math"], "gradeLevel": "Middle"}, {"email": "melissa82@morris.org", "name": "Nicholas Medina", "subjects": ["Science", "Literature"], "gradeLevel": "High School"}], "password": "abc123"}, {"name": "Melissa Manning", "email": "randylewis@hudson.net", "timezone": "Europe/Vienna", "phone": "123-456-7890", "pronouns": "Pro/Pos", "students": [], "password": "abc123"}, {"name": "Teresa Duncan", "email": "toddthornton@garcia.com", "timezone": "Australia/Broken_Hill", "phone": "123-456-7890", "pronouns": "Pro/Pos", "students": [{"email": "gutierrezdennis@gmail.com", "name": "Manuel Cuevas", "subjects": [], "gradeLevel": "Middle"}, {"email": "hamiltonclaire@smith.net", "name": "Patrick Reed", "subjects": ["Math"], "gradeLevel": "High School"}], "password": "abc123"}, {"name": "Madison Thomas", "email": "jenniferfranklin@gmail.com", "timezone": "Asia/Thimphu", "phone": "123-456-7890", "pronouns": "Pro/Pos", "students": [], "password": "abc123"}], "mentors": [{"name": "Dennis Horn", "email": "hpope@owens.com", "timezone": "Africa/Johannesburg", "phone": "123-456-7890", "pronouns": "Pro/Pos", "college": "Lorem Ipsum University", "bio": "Range never up whatever American. Community money allow edge prove small our.", "major": "Computational Basket Weaving", "subjects": [], "gradelevels": ["Middle", "Elementary"], "password": "abc123"}, {"name": "Kevin Rodriguez", "email": "pyang@hotmail.com", "timezone": "Asia/Kuwait", "phone": "123-456-7890", "pronouns": "Pro/Pos", "college": "Lorem Ipsum University", "bio": "Daughter figure myself without mention television. Minute later player get.\nA response member news price.", "major": "Computational Basket Weaving", "subjects": [], "gradelevels": ["Elementary", "High School"], "password": "abc123"}, {"name": "Nancy Sutton", "email": "tbell@gmail.com", "timezone": "Europe/Madrid", "phone": "123-456-7890", "pronouns": "Pro/Pos", "college": "Lorem Ipsum University", "bio": "Entire increase southern public before imagine effect. No memory rock federal whatever doctor movement.\nYour oil near. Again may unit.\nHundred all audience garden describe build.", "major": "Computational Basket Weaving", "subjects": ["Math", "Science"], "gradelevels": ["Elementary"], "password": "abc123"}, {"name": "Justin Jones", "email": "johnhammond@howell-curry.com", "timezone": "Africa/Casablanca", "phone": "123-456-7890", "pronouns": "Pro/Pos", "college": "Lorem Ipsum University", "bio": "Trip phone fish only adult recently ability. Small hundred possible themselves condition.\nAllow list law success wall technology clear. Half manager knowledge or.", "major": "Computational Basket Weaving", "subjects": ["Math"], "gradelevels": ["Elementary"], "password": "abc123"}, {"name": "John Arias", "email": "savannahcosta@long.com", "timezone": "Africa/Conakry", "phone": "123-456-7890", "pronouns": "Pro/Pos", "college": "Lorem Ipsum University", "bio": "Matter store recently brother sure indeed. Prepare including return part wonder. Board specific president protect floor future.", "major": "Computational Basket Weaving", "subjects": ["Science", "Foreign Language", "Math"], "gradelevels": ["High School", "Middle"], "password": "abc123"}, {"name": "Blake Mendez", "email": "joshua00@day-castro.com", "timezone": "Europe/Berlin", "phone": "123-456-7890", "pronouns": "Pro/Pos", "college": "Lorem Ipsum University", "bio": "Ok cell middle pass. Pay fund will same.\nTalk grow small sing develop allow from. Design always free use magazine worry. School executive responsibility affect issue.", "major": "Computational Basket Weaving", "subjects": ["Science", "Foreign Language"], "gradelevels": ["High School", "Elementary"], "password": "abc123"}, {"name": "Jennifer Nelson", "email": "twilkinson@gmail.com", "timezone": "Pacific/Efate", "phone": "123-456-7890", "pronouns": "Pro/Pos", "college": "Lorem Ipsum University", "bio": "Someone loss alone stuff morning. Strategy name policy expect father miss event whole. Consider sport pull million set.\nAround fall meeting improve certainly high.", "major": "Computational Basket Weaving", "subjects": ["Literature"], "gradelevels": ["Elementary", "Middle"], "password": "abc123"}, {"name": "Mary Grant", "email": "david66@shepherd-mosley.com", "timezone": "Europe/Berlin", "phone": "123-456-7890", "pronouns": "Pro/Pos", "college": "Lorem Ipsum University", "bio": "Become contain subject baby technology but. Summer war medical information consider couple character.\nDetermine offer box morning deal again.", "major": "Computational Basket Weaving", "subjects": ["Science", "Foreign Language", "Math"], "gradelevels": ["High School"], "password": "abc123"}, {"name": "Stephen Rodriguez", "email": "danny45@cowan.info", "timezone": "Asia/Karachi", "phone": "123-456-7890", "pronouns": "Pro/Pos", "college": "Lorem Ipsum University", "bio": "Rate during ago baby drive. Final capital travel skin produce together. Serious fund international kitchen.\nOnly owner billion whether. Child participant soldier hospital agency per summer fall.", "major": "Computational Basket Weaving", "subjects": [], "gradelevels": ["High School", "Middle"], "password": "abc123"}, {"name": "James Hernandez", "email": "jamesgonzalez@ross-hill.biz", "timezone": "America/Caracas", "phone": "123-456-7890", "pronouns": "Pro/Pos", "college": "Lorem Ipsum University", "bio": "Raise score tax early condition mind beyond. Instead section speech.\nHusband miss role sell. Be color they new newspaper serve. One upon particularly could present involve true challenge.", "major": "Computational Basket Weaving", "subjects": ["Literature", "Foreign Language"], "gradelevels": ["Elementary", "High School"], "password": "abc123"}]}